date,sentiment_score,news_count
2008-08-08,0.4875561779,25
2008-08-11,0.3078601104,25
2008-08-12,0.6290920388,25
2008-08-13,0.48929709344000005,25
2008-08-14,0.49639628432000005,25
2008-08-15,0.5102314008,25
2008-08-18,0.6438294295999999,25
2008-08-19,0.42292535307999995,25
2008-08-20,0.47907956007999997,25
2008-08-21,0.50422208816,25
2008-08-22,0.42063250156000004,25
2008-08-25,0.5757731214399999,25
2008-08-26,0.43582406496000003,25
2008-08-27,0.5557021724,25
2008-08-28,0.3051953352,25
2008-08-29,0.42376181964,25
2008-09-02,0.2775504334,25
2008-09-03,0.31065538292,25
2008-09-04,0.38336894612,25
2008-09-05,0.6151237368,25
2008-09-08,0.46830345328,25
2008-09-09,0.5297783938,25
2008-09-10,0.5780285908,25
2008-09-11,0.43528277732,25
2008-09-12,0.46807981888,25
2008-09-15,0.4587770858,25
2008-09-16,0.38841785968,25
2008-09-17,0.43082883544,25
2008-09-18,0.26384102336000004,25
2008-09-19,0.49241641719999996,25
2008-09-22,0.3501265618,25
2008-09-23,0.5329579464799999,25
2008-09-24,0.48370948656,25
2008-09-25,0.4316651768,25
2008-09-26,0.445072955264,25
2008-09-29,0.42833674932,25
2008-09-30,0.47001129784,25
2008-10-01,0.43136658940000006,25
2008-10-02,0.5917301312,25
2008-10-03,0.58754087992,25
2008-10-06,0.38927836556,25
2008-10-07,0.43807262032,25
2008-10-08,0.50840680446,25
2008-10-09,0.49793567376,25
2008-10-10,0.44519981928,25
2008-10-13,0.225083954628,25
2008-10-14,0.52364741928,25
2008-10-15,0.47505299223999997,25
2008-10-16,0.52393873196,25
2008-10-17,0.32367433556,25
2008-10-20,0.5042498744,25
2008-10-21,0.5501789552,25
2008-10-22,0.37979687848,25
2008-10-23,0.4957081876,25
2008-10-24,0.3383910147532,25
2008-10-27,0.54984657592,25
2008-10-28,0.45742096292,25
2008-10-29,0.4720597572,25
2008-10-30,0.37310875588000003,25
2008-10-31,0.4781673912,25
2008-11-03,0.46093042532,25
2008-11-04,0.2953975204,25
2008-11-05,0.37287825595999996,25
2008-11-06,0.400740131876,25
2008-11-07,0.46022414114,25
2008-11-10,0.52586541104,25
2008-11-11,0.495429943308,25
2008-11-12,0.4291175116,25
2008-11-13,0.45403594831999994,25
2008-11-14,0.51841148388,25
2008-11-17,0.5167511326399999,25
2008-11-18,0.5758094856,25
2008-11-19,0.33118895964000006,25
2008-11-20,0.43080768944,25
2008-11-21,0.43678574548,25
2008-11-24,0.42688290512000004,25
2008-11-25,0.58406226216,25
2008-11-26,0.49521533108,25
2008-11-28,0.5902920236,25
2008-12-01,0.5035523213599999,25
2008-12-02,0.54920808928,25
2008-12-03,0.6267575028,25
2008-12-04,0.551905837972,25
2008-12-05,0.46687703655999996,25
2008-12-08,0.52566692808,25
2008-12-09,0.36099516416,25
2008-12-10,0.49786005271999995,25
2008-12-11,0.48133893784000004,25
2008-12-12,0.452155994,25
2008-12-15,0.6562895168,25
2008-12-16,0.4156758962,25
2008-12-17,0.45770016828000004,25
2008-12-18,0.51368924532,25
2008-12-19,0.49033875351600004,25
2008-12-22,0.40539485311999995,25
2008-12-23,0.32462189376,25
2008-12-24,0.4610252748,25
2008-12-26,0.58758616788,25
2008-12-29,0.52592907272,25
2008-12-30,0.57149655592,25
2008-12-31,0.5022452086,25
2009-01-02,0.5666898318,25
2009-01-05,0.37953585312,25
2009-01-06,0.475088283348,25
2009-01-07,0.42033913888,25
2009-01-08,0.48578282815999996,25
2009-01-09,0.5576386116,25
2009-01-12,0.5519737336,25
2009-01-13,0.47238267992,25
2009-01-14,0.3984829896,25
2009-01-15,0.54581075096,25
2009-01-16,0.43189761564,25
2009-01-20,0.52178823404,25
2009-01-21,0.54245068144,25
2009-01-22,0.5362161238800001,25
2009-01-23,0.3790749914,25
2009-01-26,0.48203756716,25
2009-01-27,0.36558370128,25
2009-01-28,0.36703729468,25
2009-01-29,0.52693708992,25
2009-01-30,0.5321778562,25
2009-02-02,0.42874721948,25
2009-02-03,0.46857738188,25
2009-02-04,0.501275758,25
2009-02-05,0.42588737504,25
2009-02-06,0.4492487108,25
2009-02-09,0.585214760144,25
2009-02-10,0.52799541464,25
2009-02-11,0.34405779264,25
2009-02-12,0.5435540704,25
2009-02-13,0.50754034028,25
2009-02-17,0.49002775672,25
2009-02-18,0.587872982068,25
2009-02-19,0.34601044063999997,25
2009-02-20,0.47913501408000003,25
2009-02-23,0.34868102688,25
2009-02-24,0.4922495981376,25
2009-02-25,0.5083540414800001,25
2009-02-26,0.46163176139999995,25
2009-02-27,0.4952716108,25
2009-03-02,0.44159770212,25
2009-03-03,0.6077212736,25
2009-03-04,0.47761369152,25
2009-03-05,0.2933973594,25
2009-03-06,0.38381094616,25
2009-03-09,0.5309161548,25
2009-03-10,0.48027515716,25
2009-03-11,0.5476246685999999,25
2009-03-12,0.56736728888,25
2009-03-13,0.49464194588,25
2009-03-16,0.33949190471999996,25
2009-03-17,0.4744906324,25
2009-03-18,0.58575289972,25
2009-03-19,0.5741125632,25
2009-03-20,0.47998868623999996,25
2009-03-23,0.5242570928,25
2009-03-24,0.42861604884000004,25
2009-03-25,0.42275535576,25
2009-03-26,0.44879118572000004,25
2009-03-27,0.37284080740000003,25
2009-03-30,0.59176940564,25
2009-03-31,0.62424585568,25
2009-04-01,0.56669156016,25
2009-04-02,0.41093574472,25
2009-04-03,0.59326485076,25
2009-04-06,0.439447362,25
2009-04-07,0.51903063888,25
2009-04-08,0.37363705244,25
2009-04-09,0.4918383514,25
2009-04-13,0.50013977944,25
2009-04-14,0.46909607383999996,25
2009-04-15,0.54375478312,25
2009-04-16,0.50167664264,25
2009-04-17,0.41604293428,25
2009-04-20,0.44715125312,25
2009-04-21,0.5635700824,25
2009-04-22,0.60304437852,25
2009-04-23,0.3826413674,25
2009-04-24,0.47981958064,25
2009-04-27,0.530701026248,25
2009-04-28,0.48725049480000004,25
2009-04-29,0.6255567320000001,25
2009-04-30,0.41155918756,25
2009-05-01,0.44067839595999997,25
2009-05-04,0.43332925052,25
2009-05-05,0.42828067597999997,25
2009-05-06,0.48588476472000003,25
2009-05-07,0.36396283796,25
2009-05-08,0.477107626,25
2009-05-11,0.46799583767999997,25
2009-05-12,0.35444912,25
2009-05-13,0.56796587584,25
2009-05-14,0.43327524376,25
2009-05-15,0.522161075872,25
2009-05-18,0.47445345608000006,25
2009-05-19,0.31578245524,25
2009-05-20,0.21195262384,25
2009-05-21,0.37803348583999996,25
2009-05-22,0.51578557804,25
2009-05-26,0.38515779956,25
2009-05-27,0.43392371424,25
2009-05-28,0.40924465,25
2009-05-29,0.4328308756,25
2009-06-01,0.47634400436,25
2009-06-02,0.53870798008,25
2009-06-03,0.45682262996,25
2009-06-04,0.57400696896,25
2009-06-05,0.43375660676000005,25
2009-06-08,0.39169466632000005,25
2009-06-09,0.47022348711999995,25
2009-06-10,0.540010482,25
2009-06-11,0.5016782676,25
2009-06-12,0.5040925429600001,25
2009-06-15,0.52273312496,25
2009-06-16,0.53245391632,25
2009-06-17,0.5568450848,25
2009-06-18,0.5286540056,25
2009-06-19,0.45859210212,25
2009-06-22,0.578016543452,25
2009-06-23,0.49157108903999996,25
2009-06-24,0.43795761759999996,25
2009-06-25,0.5490596968,25
2009-06-26,0.5722061944,25
2009-06-29,0.48204606624,25
2009-06-30,0.42408606179999997,25
2009-07-01,0.54479677368,25
2009-07-02,0.5360152112000001,25
2009-07-06,0.47929797584,25
2009-07-07,0.54363770028,25
2009-07-08,0.45700828551999995,25
2009-07-09,0.62122643576,25
2009-07-10,0.5228167238,25
2009-07-13,0.58799901972,25
2009-07-14,0.451036776,25
2009-07-15,0.40851632404,25
2009-07-16,0.541733244,25
2009-07-17,0.50638547992,25
2009-07-20,0.43780334548,25
2009-07-21,0.4313369176,25
2009-07-22,0.53317304028,25
2009-07-23,0.52643147772,25
2009-07-24,0.54186510576,25
2009-07-27,0.45046618464,25
2009-07-28,0.4403593052,25
2009-07-29,0.32218930483999997,25
2009-07-30,0.43890817060000004,25
2009-07-31,0.42969133315999997,25
2009-08-03,0.458005865,25
2009-08-04,0.42471215828,25
2009-08-05,0.43523265693600005,25
2009-08-06,0.49345943292,25
2009-08-07,0.39803535784,25
2009-08-10,0.44274871427999996,25
2009-08-11,0.28279069744,25
2009-08-12,0.34124644451999997,25
2009-08-13,0.42953229456,25
2009-08-14,0.43199167116,25
2009-08-17,0.52961061704,25
2009-08-18,0.41904511464000005,25
2009-08-19,0.539681023076,25
2009-08-20,0.60341443388,25
2009-08-21,0.441023269552,25
2009-08-24,0.4664315972,25
2009-08-25,0.48214206992,25
2009-08-26,0.48951689212,25
2009-08-27,0.44549853116,25
2009-08-28,0.44107350015999996,25
2009-08-31,0.567619954,25
2009-09-01,0.47972529312,25
2009-09-02,0.4568900356,25
2009-09-03,0.2400555214,25
2009-09-04,0.38419838736,25
2009-09-08,0.27374130316,25
2009-09-09,0.5194559062799999,25
2009-09-10,0.47800153072,25
2009-09-11,0.44392846599999997,25
2009-09-14,0.39535069244,25
2009-09-15,0.4080358278636364,22
2009-09-16,0.405167546,25
2009-09-17,0.4499222968,25
2009-09-18,0.43637993735999997,25
2009-09-21,0.5534610062,25
2009-09-22,0.50061749436,25
2009-09-23,0.36478746868,25
2009-09-24,0.46942522724,25
2009-09-25,0.43534542784,25
2009-09-28,0.35477227278,25
2009-09-29,0.42359242276000003,25
2009-09-30,0.39770133288,25
2009-10-01,0.48031012928000005,25
2009-10-02,0.48528512044000005,25
2009-10-05,0.27304281972,25
2009-10-06,0.48566453963999995,25
2009-10-07,0.30813880036,25
2009-10-08,0.24374158748,25
2009-10-09,0.46773121352,25
2009-10-12,0.43893222236,25
2009-10-13,0.42233479704000004,25
2009-10-14,0.50306191764,25
2009-10-15,0.32352319904,25
2009-10-16,0.49114950743999997,25
2009-10-19,0.45185582144,25
2009-10-20,0.40484211983999996,25
2009-10-21,0.36645076228,25
2009-10-22,0.42953919315999994,25
2009-10-23,0.38996043212000003,25
2009-10-26,0.4477256522,25
2009-10-27,0.5137902214000001,25
2009-10-28,0.512087291,25
2009-10-29,0.422288241216,25
2009-10-30,0.40646409896,25
2009-11-02,0.4519692002,25
2009-11-03,0.47942851799999997,25
2009-11-04,0.45796635584,25
2009-11-05,0.41658139652000004,25
2009-11-06,0.36073930524,25
2009-11-09,0.44336847339999996,25
2009-11-10,0.40549924656,25
2009-11-11,0.40124209547999995,25
2009-11-12,0.50601663312,25
2009-11-13,0.44773887479999996,25
2009-11-16,0.5963986852000001,25
2009-11-17,0.42738684847999997,25
2009-11-18,0.62106602004,25
2009-11-19,0.56852200124,25
2009-11-20,0.50078919144,25
2009-11-23,0.440827388,25
2009-11-24,0.5052665103599999,25
2009-11-25,0.48217967032,25
2009-11-27,0.44524195824,25
2009-11-30,0.35470261299999994,25
2009-12-01,0.310472956092,25
2009-12-02,0.39534962100000004,25
2009-12-03,0.46709254036000003,25
2009-12-04,0.5036272063,25
2009-12-07,0.53584675388,25
2009-12-08,0.5170994792,25
2009-12-09,0.5155764636,25
2009-12-10,0.36246879992,25
2009-12-11,0.581099654,25
2009-12-14,0.44299840279999997,25
2009-12-15,0.39465527384,25
2009-12-16,0.262617926216,25
2009-12-17,0.53521925192,25
2009-12-18,0.44506251144000003,25
2009-12-21,0.43758683864,25
2009-12-22,0.46671562199999994,25
2009-12-23,0.4714432256,25
2009-12-24,0.47483801369565215,23
2009-12-28,0.40254572424,25
2009-12-29,0.58822754572,25
2009-12-30,0.49723493239999994,25
2009-12-31,0.43049499404,25
2010-01-04,0.37430502728,25
2010-01-05,0.4595642328,25
2010-01-06,0.41148312028,25
2010-01-07,0.35023074375999996,25
2010-01-08,0.42708302695999995,25
2010-01-11,0.52327097928,25
2010-01-12,0.51105646812,25
2010-01-13,0.5662867816,25
2010-01-14,0.51758839324,25
2010-01-15,0.36280484199999996,25
2010-01-19,0.42198230078000004,25
2010-01-20,0.34914541656,25
2010-01-21,0.34325080663999996,25
2010-01-22,0.25686419144,25
2010-01-25,0.54341648884,25
2010-01-26,0.51990784116,25
2010-01-27,0.6667738058,25
2010-01-28,0.39841996168,25
2010-01-29,0.38047303336,25
2010-02-01,0.521139284,25
2010-02-02,0.38359129336000003,25
2010-02-03,0.43884894932,25
2010-02-04,0.4432804618,25
2010-02-05,0.47724614552,25
2010-02-08,0.42000100216,25
2010-02-09,0.44868053436000005,25
2010-02-10,0.46247803064000004,25
2010-02-11,0.356947962,25
2010-02-12,0.4138389028,25
2010-02-16,0.52310546624,25
2010-02-17,0.522474052136,25
2010-02-18,0.41948257572000003,25
2010-02-19,0.50007344772,25
2010-02-22,0.50244901692,25
2010-02-23,0.42085001499999997,25
2010-02-24,0.41068910864,25
2010-02-25,0.56868037924,25
2010-02-26,0.6026873512,25
2010-03-01,0.44615554856,25
2010-03-02,0.53270521416,25
2010-03-03,0.43381687919999995,25
2010-03-04,0.38068487011999996,25
2010-03-05,0.5158842212,25
2010-03-08,0.42011129424000004,25
2010-03-09,0.43007994184,25
2010-03-10,0.4226212952,25
2010-03-11,0.378595781792,25
2010-03-12,0.40141164760000003,25
2010-03-15,0.39818669768680004,25
2010-03-16,0.51895870684,25
2010-03-17,0.43158402224,25
2010-03-18,0.3724900512,25
2010-03-19,0.56476724292,25
2010-03-22,0.36409651364,25
2010-03-23,0.5506705617000001,25
2010-03-24,0.46725934484,25
2010-03-25,0.34421753703999997,25
2010-03-26,0.5334018361999999,25
2010-03-29,0.49911320687999994,25
2010-03-30,0.50796068184,25
2010-03-31,0.55427663016,25
2010-04-01,0.577030892,25
2010-04-05,0.6990659684,25
2010-04-06,0.6284064764,25
2010-04-07,0.43893249667999995,25
2010-04-08,0.49031953468,25
2010-04-09,0.5972458032,25
2010-04-12,0.55021971096,25
2010-04-13,0.5066348718,25
2010-04-14,0.34713027982,25
2010-04-15,0.47146713092,25
2010-04-16,0.49381688736,25
2010-04-19,0.43950325344,25
2010-04-20,0.5286144027999999,25
2010-04-21,0.51966332644,25
2010-04-22,0.582859946,25
2010-04-23,0.27462721352,25
2010-04-26,0.27806289848,25
2010-04-27,0.48227492755999996,25
2010-04-28,0.32885291056,25
2010-04-29,0.47041674608,25
2010-04-30,0.33366607019999994,25
2010-05-03,0.46268890374800004,25
2010-05-04,0.39784186284,25
2010-05-05,0.45223941959999997,25
2010-05-06,0.50433099096,25
2010-05-07,0.4333004462,25
2010-05-10,0.430476358,25
2010-05-11,0.386261813432,25
2010-05-12,0.48590357155999997,25
2010-05-13,0.36234259739999997,25
2010-05-14,0.40821827464000005,25
2010-05-17,0.45876006680000003,25
2010-05-18,0.42361864415999995,25
2010-05-19,0.37933356531999995,25
2010-05-20,0.49704694352000006,25
2010-05-21,0.29838729456,25
2010-05-24,0.31778065004,25
2010-05-25,0.39542218804,25
2010-05-26,0.44049081479999996,25
2010-05-27,0.42694532144,25
2010-05-28,0.48672928756,25
2010-06-01,0.36097074924,25
2010-06-02,0.39423716964,25
2010-06-03,0.40043904839999994,25
2010-06-04,0.42903465896,25
2010-06-07,0.40797521179999996,25
2010-06-08,0.5036547621599999,25
2010-06-09,0.5026633978799999,25
2010-06-10,0.5149490751200001,25
2010-06-11,0.5280536810800001,25
2010-06-14,0.42263947224,25
2010-06-15,0.32581317904,25
2010-06-16,0.52203525176,25
2010-06-17,0.32948788472799995,25
2010-06-18,0.4070170038,25
2010-06-21,0.36874809028,25
2010-06-22,0.37988486120000003,25
2010-06-23,0.330751415,25
2010-06-24,0.41333643812,25
2010-06-25,0.53060991216,25
2010-06-28,0.48048526224,25
2010-06-29,0.46330002252,25
2010-06-30,0.37476799276,25
2010-07-01,0.3148409936,25
2010-07-02,0.40601498704,25
2010-07-06,0.34157890984,25
2010-07-07,0.490212198,25
2010-07-08,0.3986257328,25
2010-07-09,0.25779005716000003,25
2010-07-12,0.31021092287999996,25
2010-07-13,0.36379842551999997,25
2010-07-14,0.42483981072,25
2010-07-15,0.30155829444,25
2010-07-16,0.40470736420000003,25
2010-07-19,0.42776421235999995,25
2010-07-20,0.36653841144,25
2010-07-21,0.34418205288000003,25
2010-07-22,0.33472599242,25
2010-07-23,0.33020093728,25
2010-07-26,0.5789531534,25
2010-07-27,0.42860990956,25
2010-07-28,0.36446766976,25
2010-07-29,0.46988353876,25
2010-07-30,0.41745311564000004,25
2010-08-02,0.39702603787999996,25
2010-08-03,0.44335328632,25
2010-08-04,0.40595605112,25
2010-08-05,0.407068428896,25
2010-08-06,0.29127215596,25
2010-08-09,0.40634574460000006,25
2010-08-10,0.25515191264000003,25
2010-08-11,0.28570374824,25
2010-08-12,0.4339548004,25
2010-08-13,0.39427100624,25
2010-08-16,0.4797101636,25
2010-08-17,0.46741295392,25
2010-08-18,0.40572551792,25
2010-08-19,0.36330951472,25
2010-08-20,0.36359969696,25
2010-08-23,0.33338114012,25
2010-08-24,0.32126575072,25
2010-08-25,0.24464116536,25
2010-08-26,0.50954847876,25
2010-08-27,0.30959317598799996,25
2010-08-30,0.32799027676000003,25
2010-08-31,0.34957734248,25
2010-09-01,0.30267804519999997,25
2010-09-02,0.2789579618,25
2010-09-03,0.40684316363999995,25
2010-09-07,0.37519530712,25
2010-09-08,0.46154257895999995,25
2010-09-09,0.46381723196,25
2010-09-10,0.41818243256000004,25
2010-09-13,0.33306352812,25
2010-09-14,0.39588002452,25
2010-09-15,0.33498536016,25
2010-09-16,0.27796056904,25
2010-09-17,0.34004999136,25
2010-09-20,0.32136144452,25
2010-09-21,0.47307844692,25
2010-09-22,0.29162367668,25
2010-09-23,0.43036143568,25
2010-09-24,0.41068197592,25
2010-09-27,0.37462348144,25
2010-09-28,0.31279700884,25
2010-09-29,0.41018652883999995,25
2010-09-30,0.36859545284,25
2010-10-01,0.47676799400000003,25
2010-10-04,0.3154726834,25
2010-10-05,0.32462193268,25
2010-10-06,0.27691459236,25
2010-10-07,0.46382709288,25
2010-10-08,0.36055959367999996,25
2010-10-11,0.28777595896,25
2010-10-12,0.34639777396,25
2010-10-13,0.19357638712,25
2010-10-14,0.44973663625199994,25
2010-10-15,0.31087248984,25
2010-10-18,0.41877872015999995,25
2010-10-19,0.29154488076,25
2010-10-20,0.35538738484,25
2010-10-21,0.32788007536,25
2010-10-22,0.27718466244,25
2010-10-25,0.37386853744,25
2010-10-26,0.43936660959999996,25
2010-10-27,0.32700633108,25
2010-10-28,0.38195767368,25
2010-10-29,0.48486931312,25
2010-11-01,0.4700963704,25
2010-11-02,0.34924867884,25
2010-11-03,0.44257148008,25
2010-11-04,0.23606312287999998,25
2010-11-05,0.36867700072,25
2010-11-08,0.40233002675999996,25
2010-11-09,0.36180629463999997,25
2010-11-10,0.43500779809999995,25
2010-11-11,0.43350954512,25
2010-11-12,0.46028225192,25
2010-11-15,0.21261448976,25
2010-11-16,0.38710759891999996,25
2010-11-17,0.41985183784,25
2010-11-18,0.2879829862,25
2010-11-19,0.42895228156000004,25
2010-11-22,0.31844983536,25
2010-11-23,0.34404533969600004,25
2010-11-24,0.324230714,25
2010-11-26,0.34516719972,25
2010-11-29,0.39903596663999996,25
2010-11-30,0.28546335008,25
2010-12-01,0.42934755684000003,25
2010-12-02,0.50204672328,25
2010-12-03,0.50283206556,25
2010-12-06,0.42709040788,25
2010-12-07,0.39536159748000005,25
2010-12-08,0.38679205076,25
2010-12-09,0.4049885492,25
2010-12-10,0.41296963672000003,25
2010-12-13,0.38316171944000005,25
2010-12-14,0.33968199564,25
2010-12-15,0.31659998236,25
2010-12-16,0.16896436188,25
2010-12-17,0.36816290803999996,25
2010-12-20,0.41246470732,25
2010-12-21,0.37363683488,25
2010-12-22,0.403045702096,25
2010-12-23,0.5151688072799999,25
2010-12-27,0.33244703212,25
2010-12-28,0.32349596845199996,25
2010-12-29,0.40209624868,25
2010-12-30,0.30227121764,25
2010-12-31,0.37463493508,25
2011-01-03,0.32255921488,25
2011-01-04,0.4368148064,25
2011-01-05,0.29747441064,25
2011-01-06,0.44431949056000003,25
2011-01-07,0.42402500748,25
2011-01-10,0.3004410298,25
2011-01-11,0.19214084704,25
2011-01-12,0.34463725344,25
2011-01-13,0.33251975736,25
2011-01-14,0.31474202396,25
2011-01-18,0.5544433263999999,25
2011-01-19,0.24488705916,25
2011-01-20,0.29002365776,25
2011-01-21,0.42897846543999996,25
2011-01-24,0.30490185492,25
2011-01-25,0.36587371068,25
2011-01-26,0.3795795628,25
2011-01-27,0.43419345932,25
2011-01-28,0.53591570388,25
2011-01-31,0.37147288484,25
2011-02-01,0.4558791082,25
2011-02-02,0.39471780508000004,25
2011-02-03,0.33091468911999994,25
2011-02-04,0.47972115983999997,25
2011-02-07,0.39190253591999996,25
2011-02-08,0.49358125020000004,25
2011-02-09,0.28818326385200005,25
2011-02-10,0.3775817652,25
2011-02-11,0.41854318012,25
2011-02-14,0.32371902868,25
2011-02-15,0.30252794588,25
2011-02-16,0.32315477788,25
2011-02-17,0.28902987935999996,25
2011-02-18,0.31054196959999997,25
2011-02-22,0.38651486776,25
2011-02-23,0.42346665144,25
2011-02-24,0.3411110432,25
2011-02-25,0.36694054496,25
2011-02-28,0.38921417140000003,25
2011-03-01,0.39009496499999996,25
2011-03-02,0.45341433971999995,25
2011-03-03,0.44406934756,25
2011-03-04,0.36636527516,25
2011-03-07,0.39718496356000005,25
2011-03-08,0.36717061155999997,25
2011-03-09,0.28386378784,25
2011-03-10,0.320308524,25
2011-03-11,0.3808044908,25
2011-03-14,0.43500342036,25
2011-03-15,0.25978099168,25
2011-03-16,0.42067315636,25
2011-03-17,0.4162075882,25
2011-03-18,0.2540566932,25
2011-03-21,0.29340804088,25
2011-03-22,0.34024052699999996,25
2011-03-23,0.4030787524,25
2011-03-24,0.24979559196,25
2011-03-25,0.311854843148,25
2011-03-28,0.37134404687999994,25
2011-03-29,0.33109591204,25
2011-03-30,0.41063015272000003,25
2011-03-31,0.2407914752,25
2011-04-01,0.27618974188,25
2011-04-04,0.38676624264,25
2011-04-05,0.31583698468,25
2011-04-06,0.34296145295999997,25
2011-04-07,0.33351029608,25
2011-04-08,0.235077180408,25
2011-04-11,0.46712508123999996,25
2011-04-12,0.37430804948,25
2011-04-13,0.29830478296,25
2011-04-14,0.35671082668000004,25
2011-04-15,0.27116962180000004,25
2011-04-18,0.19999915004000002,25
2011-04-19,0.37110387596000005,25
2011-04-20,0.2070629062,25
2011-04-21,0.3256031272173913,23
2011-04-25,0.242518109096,25
2011-04-26,0.27607413570399997,25
2011-04-27,0.43386946768,25
2011-04-28,0.2918089286,25
2011-04-29,0.271081615052,25
2011-05-02,0.57647313304,25
2011-05-03,0.32507814343999997,25
2011-05-04,0.47579049692,25
2011-05-05,0.31440861868,25
2011-05-06,0.42091565416000004,25
2011-05-09,0.22353802611999998,25
2011-05-10,0.32165140556,25
2011-05-11,0.21550394356,25
2011-05-12,0.26193476443999997,25
2011-05-13,0.27423164592,25
2011-05-16,0.29275160004,25
2011-05-17,0.3740471482,25
2011-05-18,0.34760993536,25
2011-05-19,0.33311799406799997,25
2011-05-20,0.30822022784,25
2011-05-23,0.37398128004,25
2011-05-24,0.3182567232,25
2011-05-25,0.29125746396,25
2011-05-26,0.31058619416,25
2011-05-27,0.28449712884,25
2011-05-31,0.40840813511999996,25
2011-06-01,0.2561376412,25
2011-06-02,0.364066500844,25
2011-06-03,0.32585135979999996,25
2011-06-06,0.27103624132,25
2011-06-07,0.21414954647999998,25
2011-06-08,0.32749312808,25
2011-06-09,0.25771720464,25
2011-06-10,0.38467747942399994,25
2011-06-13,0.24687416632,25
2011-06-14,0.29883373792,25
2011-06-15,0.43274728988,25
2011-06-16,0.36910264008,25
2011-06-17,0.408390953268,25
2011-06-20,0.37255775458,25
2011-06-21,0.33914233304,25
2011-06-22,0.2763443282,25
2011-06-23,0.34942264032,25
2011-06-24,0.2997489744,25
2011-06-27,0.2804543916,25
2011-06-28,0.31507803044,25
2011-06-29,0.36984450552,25
2011-06-30,0.3541787114,25
2011-07-01,0.33591672116,25
2011-07-05,0.33619470568,25
2011-07-06,0.35254152976,25
2011-07-07,0.47428689692,25
2011-07-08,0.41478480496000003,25
2011-07-11,0.28834013472,25
2011-07-12,0.37799918248,25
2011-07-13,0.27640293078,25
2011-07-14,0.3567031864,25
2011-07-15,0.34635685412,25
2011-07-18,0.3196160482,25
2011-07-19,0.36434667072,25
2011-07-20,0.32299222204000005,25
2011-07-21,0.39849143859999997,25
2011-07-22,0.31947681312,25
2011-07-25,0.44474561139999996,25
2011-07-26,0.34982161335999995,25
2011-07-27,0.23588107563999997,25
2011-07-28,0.35832090962,25
2011-07-29,0.24565466416,25
2011-08-01,0.22858070456000001,25
2011-08-02,0.19094098008,25
2011-08-03,0.37677775896,25
2011-08-04,0.20695711416,25
2011-08-05,0.289679717216,25
2011-08-08,0.32839787132,25
2011-08-09,0.31489201512000004,25
2011-08-10,0.35142628408,25
2011-08-11,0.38416225511999996,25
2011-08-12,0.39414426388,25
2011-08-15,0.26052937934,25
2011-08-16,0.28539251796000004,25
2011-08-17,0.28046022752,25
2011-08-18,0.37601824448000004,25
2011-08-19,0.19564978840000002,25
2011-08-22,0.5100746542,25
2011-08-23,0.40371083396,25
2011-08-24,0.37902391056,25
2011-08-25,0.35154968175999995,25
2011-08-26,0.43764104244,25
2011-08-29,0.29155367528,25
2011-08-30,0.27744256048,25
2011-08-31,0.30068500772,25
2011-09-01,0.30661584548,25
2011-09-02,0.407276842888,25
2011-09-06,0.19450075566799999,25
2011-09-07,0.25891050392,25
2011-09-08,0.21087830984,25
2011-09-09,0.21423388668,25
2011-09-12,0.38428776868,25
2011-09-13,0.35724830808,25
2011-09-14,0.22953363622400003,25
2011-09-15,0.31074331864,25
2011-09-16,0.26381436416,25
2011-09-19,0.19414671076,25
2011-09-20,0.33627314064,25
2011-09-21,0.19980214952,25
2011-09-22,0.25072913948,25
2011-09-23,0.38173114263999997,25
2011-09-26,0.4320526308,25
2011-09-27,0.30868880772,25
2011-09-28,0.32004615208,25
2011-09-29,0.37991133964,25
2011-09-30,0.27400186120000003,25
2011-10-03,0.2903436624,25
2011-10-04,0.28882020304,25
2011-10-05,0.29661614984,25
2011-10-06,0.27741516004,25
2011-10-07,0.36040628224000004,25
2011-10-10,0.22015197728,25
2011-10-11,0.25580073587999996,25
2011-10-12,0.29614000892,25
2011-10-13,0.2227229586,25
2011-10-14,0.30425223594,25
2011-10-17,0.28384914604,25
2011-10-18,0.307840245504,25
2011-10-19,0.29623247115999995,25
2011-10-20,0.40947464284,25
2011-10-21,0.29381899552,25
2011-10-24,0.217991571248,25
2011-10-25,0.28426727688,25
2011-10-26,0.38565309184,25
2011-10-27,0.151591318892,25
2011-10-28,0.22277913427999999,25
2011-10-31,0.44775884079999995,25
2011-11-01,0.30960676232,25
2011-11-02,0.324039808248,25
2011-11-03,0.16683464924,25
2011-11-04,0.36564506383999995,25
2011-11-07,0.260048684,25
2011-11-08,0.34908971227999996,25
2011-11-09,0.253659311228,25
2011-11-10,0.42249456184,25
2011-11-11,0.30263214236,25
2011-11-14,0.35776270484,25
2011-11-15,0.4108789608,25
2011-11-16,0.26139310167999996,25
2011-11-17,0.30089795908,25
2011-11-18,0.43110743992000006,25
2011-11-21,0.26431251084,25
2011-11-22,0.28878823692,25
2011-11-23,0.301332850348,25
2011-11-25,0.33222683064,25
2011-11-28,0.30999287072000004,25
2011-11-29,0.37069416507999997,25
2011-11-30,0.15242721372,25
2011-12-01,0.279063625376,25
2011-12-02,0.29031435616,25
2011-12-05,0.290380681368,25
2011-12-06,0.24702001688,25
2011-12-07,0.22996637392,25
2011-12-08,0.35587237543999994,25
2011-12-09,0.28808909716,25
2011-12-12,0.32644791064,25
2011-12-13,0.2419939544,25
2011-12-14,0.25358955980000003,25
2011-12-15,0.27622798012,25
2011-12-16,0.27939564408,25
2011-12-19,0.3419902272,25
2011-12-20,0.393639736,25
2011-12-21,0.32184191456,25
2011-12-22,0.33243252104,25
2011-12-23,0.2631296024,25
2011-12-27,0.36471488168,25
2011-12-28,0.21569098096,25
2011-12-29,0.23134790432,25
2011-12-30,0.21297308428,25
2012-01-03,0.24772676359999998,25
2012-01-04,0.262320716176,25
2012-01-05,0.30668910292,25
2012-01-06,0.21288101124,25
2012-01-09,0.40232900784000003,25
2012-01-10,0.32838146244,25
2012-01-11,0.20302226028,25
2012-01-12,0.16540095412,25
2012-01-13,0.2178830898,25
2012-01-17,0.35926468304000003,25
2012-01-18,0.13122303716,25
2012-01-19,0.3133825144,25
2012-01-20,0.35703332052000003,25
2012-01-23,0.33398716036,25
2012-01-24,0.38610479591999997,25
2012-01-25,0.28761881964,25
2012-01-26,0.30305033852,25
2012-01-27,0.31871463444,25
2012-01-30,0.19632936128800002,25
2012-01-31,0.23625412684,25
2012-02-01,0.26978248360199997,25
2012-02-02,0.23658585448,25
2012-02-03,0.32698461732,25
2012-02-06,0.289030787732,25
2012-02-07,0.20661011648,25
2012-02-08,0.31866035968,25
2012-02-09,0.24401965418,25
2012-02-10,0.25655680764,25
2012-02-13,0.32542450688,25
2012-02-14,0.34297659256,25
2012-02-15,0.28487089396000004,25
2012-02-16,0.217946358148,25
2012-02-17,0.36675505704,25
2012-02-21,0.19400747848000002,25
2012-02-22,0.34647595744,25
2012-02-23,0.41491360096,25
2012-02-24,0.2270935218736,25
2012-02-27,0.3162105724,25
2012-02-28,0.41400816712,25
2012-02-29,0.31899852984,25
2012-03-01,0.21127811852,25
2012-03-02,0.26238946456,25
2012-03-05,0.306535862612,25
2012-03-06,0.324745405548,25
2012-03-07,0.23391619272,25
2012-03-08,0.27372829839999996,25
2012-03-09,0.31089674928,25
2012-03-12,0.29842897484,25
2012-03-13,0.32891844919999996,25
2012-03-14,0.29493262717200003,25
2012-03-15,0.22684447427999999,25
2012-03-16,0.23000116784,25
2012-03-19,0.42593643612,25
2012-03-20,0.40987632656,25
2012-03-21,0.23427258392,25
2012-03-22,0.32169892664000005,25
2012-03-23,0.28429906641999997,25
2012-03-26,0.36375387502400003,25
2012-03-27,0.19956577556,25
2012-03-28,0.30646787888,25
2012-03-29,0.31568137328,25
2012-03-30,0.3768754988,25
2012-04-02,0.41497504684,25
2012-04-03,0.37784490448,25
2012-04-04,0.28621103072,25
2012-04-05,0.37884623324000005,25
2012-04-09,0.35263263291999997,25
2012-04-10,0.35123952459999996,25
2012-04-11,0.33711586944000005,25
2012-04-12,0.28204616636,25
2012-04-13,0.358881422932,25
2012-04-16,0.25347530514399996,25
2012-04-17,0.40777750736,25
2012-04-18,0.501432576,25
2012-04-19,0.29621836576,25
2012-04-20,0.29911790476,25
2012-04-23,0.46940636104,25
2012-04-24,0.26676960728,25
2012-04-25,0.43862112888,25
2012-04-26,0.38324498252,25
2012-04-27,0.21970773223999998,25
2012-04-30,0.34743014264000005,25
2012-05-01,0.48475126836,25
2012-05-02,0.32793174432,25
2012-05-03,0.36442298728,25
2012-05-04,0.33405769268,25
2012-05-07,0.34436261968,25
2012-05-08,0.29272938044,25
2012-05-09,0.29449029236,25
2012-05-10,0.25269364167999997,25
2012-05-11,0.28434501512,25
2012-05-14,0.32662919068,25
2012-05-15,0.33217927443999995,25
2012-05-16,0.38729943202,25
2012-05-17,0.22184938468108,25
2012-05-18,0.27353407328,25
2012-05-21,0.1919640666,25
2012-05-22,0.29502575308,25
2012-05-23,0.41682113809199994,25
2012-05-24,0.37743586054399997,25
2012-05-25,0.38347115676,25
2012-05-29,0.2507300538,25
2012-05-30,0.2785880226,25
2012-05-31,0.44490188384,25
2012-06-01,0.2409187806,25
2012-06-04,0.295181459412,25
2012-06-05,0.20916945928,25
2012-06-06,0.30900713464,25
2012-06-07,0.39627729,25
2012-06-08,0.25548742352000003,25
2012-06-11,0.36033495524000003,25
2012-06-12,0.36674440267999997,25
2012-06-13,0.32987219352,25
2012-06-14,0.28965965984,25
2012-06-15,0.37542399044,25
2012-06-18,0.33627359577199994,25
2012-06-19,0.29637214732,25
2012-06-20,0.2818943588,25
2012-06-21,0.19468412667999999,25
2012-06-22,0.26844951695999997,25
2012-06-25,0.37747557295999995,25
2012-06-26,0.29592585608,25
2012-06-27,0.34142407808,25
2012-06-28,0.33692003944,25
2012-06-29,0.286965838932,25
2012-07-02,0.41196384964000005,25
2012-07-03,0.27802552708,25
2012-07-05,0.38853894776,25
2012-07-06,0.287915656588,25
2012-07-09,0.24843175775999998,25
2012-07-10,0.37478699036,25
2012-07-11,0.37262831411999997,25
2012-07-12,0.38447732516,25
2012-07-13,0.24878535352,25
2012-07-16,0.3194750084692,25
2012-07-17,0.38744292788,25
2012-07-18,0.21190200403999998,25
2012-07-19,0.288436588452,25
2012-07-20,0.40007032224,25
2012-07-23,0.30350064088,25
2012-07-24,0.32757289040000004,25
2012-07-25,0.46425196616000003,25
2012-07-26,0.28669535215999997,25
2012-07-27,0.33829776551999996,25
2012-07-30,0.19322698164000002,25
2012-07-31,0.28804046864,25
2012-08-01,0.287521806444,25
2012-08-02,0.40791837304,25
2012-08-03,0.24580987304000002,25
2012-08-06,0.24063181584,25
2012-08-07,0.3118844964,25
2012-08-08,0.38203461601199995,25
2012-08-09,0.27472200061999996,25
2012-08-10,0.33056816908000003,25
2012-08-13,0.33007055256,25
2012-08-14,0.33626749448,25
2012-08-15,0.31415600984000003,25
2012-08-16,0.41698885216000003,25
2012-08-17,0.44370689684,25
2012-08-20,0.26721234236,25
2012-08-21,0.25785389424,25
2012-08-22,0.35166058151999996,25
2012-08-23,0.3923193366,25
2012-08-24,0.38726254435999996,25
2012-08-27,0.36013897252,25
2012-08-28,0.2781784824,25
2012-08-29,0.32038341008,25
2012-08-30,0.29311065848,25
2012-08-31,0.33295815548,25
2012-09-04,0.3791956676,25
2012-09-05,0.42194656351200005,25
2012-09-06,0.36309067468,25
2012-09-07,0.35315355888,25
2012-09-10,0.35767333328,25
2012-09-11,0.32002084492,25
2012-09-12,0.27671705004,25
2012-09-13,0.41089395247999994,25
2012-09-14,0.4047111854,25
2012-09-17,0.43167023893600004,25
2012-09-18,0.14274088735999999,25
2012-09-19,0.37357774204,25
2012-09-20,0.32041349795999996,25
2012-09-21,0.34719789659999994,25
2012-09-24,0.22876722396000002,25
2012-09-25,0.31369809228,25
2012-09-26,0.30337290004,25
2012-09-27,0.46006270899999996,25
2012-09-28,0.31736756996,25
2012-10-01,0.29929476136,25
2012-10-02,0.280710613592,25
2012-10-03,0.24732508977999998,25
2012-10-04,0.33534702988,25
2012-10-05,0.34593341448000003,25
2012-10-08,0.40129457958399994,25
2012-10-09,0.23920567616,25
2012-10-10,0.37796071072,25
2012-10-11,0.21821178412000003,25
2012-10-12,0.39293913168000005,25
2012-10-15,0.31639248859999997,25
2012-10-16,0.43629808416000004,25
2012-10-17,0.23809831148000002,25
2012-10-18,0.276804353504,25
2012-10-19,0.44438872212,25
2012-10-22,0.27508275028,25
2012-10-23,0.34604008172,25
2012-10-24,0.26528670779999997,25
2012-10-25,0.295400146388,25
2012-10-26,0.27527503096,25
2012-10-31,0.3464452377,25
2012-11-01,0.32126413716,25
2012-11-02,0.25030397064,25
2012-11-05,0.18021302032,25
2012-11-06,0.19752310264000003,25
2012-11-07,0.28515075840000004,25
2012-11-08,0.43041428148,25
2012-11-09,0.276096792416,25
2012-11-12,0.27732973428,25
2012-11-13,0.29544336788,25
2012-11-14,0.23638420248,25
2012-11-15,0.24308088636,25
2012-11-16,0.12702781996,25
2012-11-19,0.2552210552,25
2012-11-20,0.28147455032,25
2012-11-21,0.28775749204,25
2012-11-23,0.31085805288,25
2012-11-26,0.30943580928,25
2012-11-27,0.32988984924,25
2012-11-28,0.44377870656,25
2012-11-29,0.22057382231999997,25
2012-11-30,0.31753692440000003,25
2012-12-03,0.25367750372,25
2012-12-04,0.26133473432,25
2012-12-05,0.187881941468,25
2012-12-06,0.295857874,25
2012-12-07,0.31220642708,25
2012-12-10,0.321838824904,25
2012-12-11,0.3551181802,25
2012-12-12,0.59563574872,25
2012-12-13,0.36249029784000003,25
2012-12-14,0.31767438991999997,25
2012-12-17,0.3593779106,25
2012-12-18,0.2896832424,25
2012-12-19,0.30290018776,25
2012-12-20,0.43875712704000003,25
2012-12-21,0.45751609311999997,25
2012-12-24,0.12287834259999998,25
2012-12-26,0.25251598844,25
2012-12-27,0.3356266344,25
2012-12-28,0.27664996564,25
2012-12-31,0.34949681656000003,25
2013-01-02,0.17882537276000002,25
2013-01-03,0.42211625552,25
2013-01-04,0.2909263482,25
2013-01-07,0.30197530396,25
2013-01-08,0.29920842676,25
2013-01-09,0.35668169916,25
2013-01-10,0.37402450624000005,25
2013-01-11,0.33494409048,25
2013-01-14,0.087480213388,25
2013-01-15,0.3438267048,25
2013-01-16,0.24966622919999998,25
2013-01-17,0.28497699144,25
2013-01-18,0.3404594934,25
2013-01-22,0.2968417316,25
2013-01-23,0.36114063232,25
2013-01-24,0.3848409044,25
2013-01-25,0.31501677072,25
2013-01-28,0.31482139344,25
2013-01-29,0.37204387416,25
2013-01-30,0.318350169024,25
2013-01-31,0.25022618228,25
2013-02-01,0.29640114076,25
2013-02-04,0.41999754871999995,25
2013-02-05,0.35734030508000003,25
2013-02-06,0.3248227653,25
2013-02-07,0.3651833808,25
2013-02-08,0.43185288132000005,25
2013-02-11,0.35509703032000006,25
2013-02-12,0.41475468800000004,25
2013-02-13,0.34598790012,25
2013-02-14,0.31764181716,25
2013-02-15,0.36251092124,25
2013-02-19,0.40456681012000006,25
2013-02-20,0.44186919024,25
2013-02-21,0.34954140363999997,25
2013-02-22,0.32654736948,25
2013-02-25,0.32881046372,25
2013-02-26,0.29499467347999997,25
2013-02-27,0.23798068912,25
2013-02-28,0.38163719556,25
2013-03-01,0.33856707012000004,25
2013-03-04,0.3476283306,25
2013-03-05,0.34483615487999997,25
2013-03-06,0.20129328156,25
2013-03-07,0.352544160992,25
2013-03-08,0.40283764400000005,25
2013-03-11,0.32452593152,25
2013-03-12,0.259896143276,25
2013-03-13,0.41646190780799996,25
2013-03-14,0.393120033452,25
2013-03-15,0.38667249587999997,25
2013-03-18,0.20474497276,25
2013-03-19,0.24008576976,25
2013-03-20,0.33543308928000004,25
2013-03-21,0.43689945668,25
2013-03-22,0.34590180044,25
2013-03-25,0.33953540868,25
2013-03-26,0.32132413168,25
2013-03-27,0.37555666627999995,25
2013-03-28,0.24497951996,25
2013-04-01,0.29550449082,25
2013-04-02,0.30423731006,25
2013-04-03,0.44324429308,25
2013-04-04,0.35641748380000005,25
2013-04-05,0.30298817147999996,25
2013-04-08,0.32743416088,25
2013-04-09,0.46897674704000003,25
2013-04-10,0.31337833715999996,25
2013-04-11,0.29267003904,25
2013-04-12,0.48220594660000005,25
2013-04-15,0.3383752356,25
2013-04-16,0.363736664,25
2013-04-17,0.37591837224,25
2013-04-18,0.30658979004000003,25
2013-04-19,0.344805247,25
2013-04-22,0.21640778988,25
2013-04-23,0.371941842272,25
2013-04-24,0.296459827512,25
2013-04-25,0.36074196372,25
2013-04-26,0.31454060996,25
2013-04-29,0.39277427924,25
2013-04-30,0.2560503158,25
2013-05-01,0.41157370272,25
2013-05-02,0.3922389074,25
2013-05-03,0.30180888836,25
2013-05-06,0.22211691112,25
2013-05-07,0.17804978316,25
2013-05-08,0.4770723226,25
2013-05-09,0.36327978205199996,25
2013-05-10,0.37534108048,25
2013-05-13,0.39009946900000003,25
2013-05-14,0.43519131096,25
2013-05-15,0.2618416950408,25
2013-05-16,0.378303912932,25
2013-05-17,0.275598732672,25
2013-05-20,0.4093030006,25
2013-05-21,0.39728380516,25
2013-05-22,0.24591986076000003,25
2013-05-23,0.28687240368,25
2013-05-24,0.28660793236,25
2013-05-28,0.15557575516,25
2013-05-29,0.25471111164,25
2013-05-30,0.24907121027999998,25
2013-05-31,0.44219600776,25
2013-06-03,0.29841910468,25
2013-06-04,0.28474180096,25
2013-06-05,0.28549949468,25
2013-06-06,0.29556513238,25
2013-06-07,0.6093009779999999,25
2013-06-10,0.49611017716,25
2013-06-11,0.44031152392,25
2013-06-12,0.43262487903999997,25
2013-06-13,0.3836377467,25
2013-06-14,0.31715513076,25
2013-06-17,0.38929579052,25
2013-06-18,0.34886506572000003,25
2013-06-19,0.340304951,25
2013-06-20,0.31308678256,25
2013-06-21,0.22633077027999998,25
2013-06-24,0.33457673172,25
2013-06-25,0.42396350072000005,25
2013-06-26,0.4556253558,25
2013-06-27,0.44673622432000004,25
2013-06-28,0.33670570788,25
2013-07-01,0.35501508387999997,25
2013-07-02,0.31912737216,25
2013-07-03,0.38235140044,25
2013-07-05,0.31017512268,25
2013-07-08,0.42758307128,25
2013-07-09,0.35125407684000004,25
2013-07-10,0.36189319992,25
2013-07-11,0.26085476620000003,25
2013-07-12,0.4883351834,25
2013-07-15,0.46191269392,25
2013-07-16,0.32640234864,25
2013-07-17,0.2988092921,25
2013-07-18,0.17011440450799997,25
2013-07-19,0.27149725172,25
2013-07-22,0.25878805352,25
2013-07-23,0.30191269472,25
2013-07-24,0.2575838802,25
2013-07-25,0.32411766172,25
2013-07-26,0.3976857932,25
2013-07-29,0.44107979572,25
2013-07-30,0.30805748288448,25
2013-07-31,0.3856877052,25
2013-08-01,0.18355541013999999,25
2013-08-02,0.29194949352,25
2013-08-05,0.24949521204,25
2013-08-06,0.36649462028,25
2013-08-07,0.261224876,25
2013-08-08,0.41613705036,25
2013-08-09,0.22732318299999998,25
2013-08-12,0.29274147168,25
2013-08-13,0.3651006056,25
2013-08-14,0.36628866344,25
2013-08-15,0.35502581163999997,25
2013-08-16,0.40163683,25
2013-08-19,0.290062288124,25
2013-08-20,0.2871617548,25
2013-08-21,0.36190199988000005,25
2013-08-22,0.22848899432,25
2013-08-23,0.28170166192,25
2013-08-26,0.32859193536,25
2013-08-27,0.42344361188,25
2013-08-28,0.2658778116,25
2013-08-29,0.36248617268000005,25
2013-08-30,0.35196162132,25
2013-09-03,0.36954201096,25
2013-09-04,0.36609709138,25
2013-09-05,0.32278752284,25
2013-09-06,0.45745315772,25
2013-09-09,0.43850221308000004,25
2013-09-10,0.28727137848,25
2013-09-11,0.3002067378,25
2013-09-12,0.45784258412,25
2013-09-13,0.22388596464,25
2013-09-16,0.48443275113600004,25
2013-09-17,0.35386126964,25
2013-09-18,0.38466270684000003,25
2013-09-19,0.3631711965,25
2013-09-20,0.4146387788,25
2013-09-23,0.27985856624,25
2013-09-24,0.24651976892,25
2013-09-25,0.35702780852,25
2013-09-26,0.40468823256,25
2013-09-27,0.41513335848,25
2013-09-30,0.27768006088,25
2013-10-01,0.50147683068,25
2013-10-02,0.26693427556,25
2013-10-03,0.329304895,25
2013-10-04,0.332601242,25
2013-10-07,0.3843911242,25
2013-10-08,0.3966362049,25
2013-10-09,0.27374578284,25
2013-10-10,0.29809126264,25
2013-10-11,0.2030398768,25
2013-10-14,0.3056485918,25
2013-10-15,0.46636615740000004,25
2013-10-16,0.42047142948,25
2013-10-17,0.33844196244,25
2013-10-18,0.2978474104,25
2013-10-21,0.3091467614,25
2013-10-22,0.29092146496,25
2013-10-23,0.25017517144,25
2013-10-24,0.43076691208,25
2013-10-25,0.36807485276,25
2013-10-28,0.45295777042799995,25
2013-10-29,0.24279218606800002,25
2013-10-30,0.254833411296,25
2013-10-31,0.504026766,25
2013-11-01,0.42701223708,25
2013-11-04,0.31339731016,25
2013-11-05,0.34614853792,25
2013-11-06,0.3445473732,25
2013-11-07,0.43560173943999997,25
2013-11-08,0.3469146938,25
2013-11-11,0.261771377704,25
2013-11-12,0.45863996399999996,25
2013-11-13,0.3717115008,25
2013-11-14,0.42430641228,25
2013-11-15,0.32719281324,25
2013-11-18,0.337677799328,25
2013-11-19,0.45058677676000003,25
2013-11-20,0.44935965832,25
2013-11-21,0.32173704016000004,25
2013-11-22,0.40010905364000005,25
2013-11-25,0.16430980888000002,25
2013-11-26,0.32982943507999996,25
2013-11-27,0.25181146304,25
2013-11-29,0.30251040796,25
2013-12-02,0.40537821668,25
2013-12-03,0.270576036,25
2013-12-04,0.3381811356,25
2013-12-05,0.34384324637200003,25
2013-12-06,0.45986195348000003,25
2013-12-09,0.30020685184,25
2013-12-10,0.30003353348,25
2013-12-11,0.37681449564,25
2013-12-12,0.35554046784,25
2013-12-13,0.32114627972,25
2013-12-16,0.281558328,25
2013-12-17,0.24778086092,25
2013-12-18,0.4810729232,25
2013-12-19,0.4046136042,25
2013-12-20,0.30433076428,25
2013-12-23,0.26129640558,25
2013-12-24,0.40397760144000006,25
2013-12-26,0.27535255336,25
2013-12-27,0.31666659448,25
2013-12-30,0.35038960228,25
2013-12-31,0.41331976167999995,25
2014-01-02,0.33422690526,25
2014-01-03,0.28392647556,25
2014-01-06,0.34242172656000003,25
2014-01-07,0.28650577303999997,25
2014-01-08,0.151360141,25
2014-01-09,0.43576905324000004,25
2014-01-10,0.371393179,25
2014-01-13,0.28514533804,25
2014-01-14,0.19513029896,25
2014-01-15,0.45008262724,25
2014-01-16,0.38235687856,25
2014-01-17,0.45731407052,25
2014-01-21,0.2617902234,25
2014-01-22,0.34611601452,25
2014-01-23,0.28530268476,25
2014-01-24,0.4541040744,25
2014-01-27,0.34356301012,25
2014-01-28,0.44479632191999996,25
2014-01-29,0.31353531824,25
2014-01-30,0.32834315224,25
2014-01-31,0.32031310444,25
2014-02-03,0.29511691408,25
2014-02-04,0.35847949908,25
2014-02-05,0.2720445011,25
2014-02-06,0.39140900728,25
2014-02-07,0.29169868756,25
2014-02-10,0.33366969096,25
2014-02-11,0.44241831456,25
2014-02-12,0.2961471222,25
2014-02-13,0.2468210278,25
2014-02-14,0.37226744052,25
2014-02-18,0.2696845752,25
2014-02-19,0.2113164076,25
2014-02-20,0.33225702067999996,25
2014-02-21,0.257804469008,25
2014-02-24,0.39618590536,25
2014-02-25,0.36273822472,25
2014-02-26,0.30368934372,25
2014-02-27,0.37042504899999995,25
2014-02-28,0.30516125676,25
2014-03-03,0.198195538232,25
2014-03-04,0.37768119352,25
2014-03-05,0.22223235412,25
2014-03-06,0.20488369036,25
2014-03-07,0.4038055986,25
2014-03-10,0.3549749284,25
2014-03-11,0.45714638979999994,25
2014-03-12,0.392211319104,25
2014-03-13,0.36436401240000005,25
2014-03-14,0.27534214448,25
2014-03-17,0.39676802543999995,25
2014-03-18,0.3764943962,25
2014-03-19,0.36339894396,25
2014-03-20,0.244963347216,25
2014-03-21,0.33019141288,25
2014-03-24,0.48730674128000007,25
2014-03-25,0.32784343911999997,25
2014-03-26,0.327960964508,25
2014-03-27,0.17154676262399998,25
2014-03-28,0.35686769016,25
2014-03-31,0.26932263184,25
2014-04-01,0.13942245568,25
2014-04-02,0.28170984404,25
2014-04-03,0.25659608512,25
2014-04-04,0.25937656176,25
2014-04-07,0.28028653136,25
2014-04-08,0.2989727748,25
2014-04-09,0.3423206986,25
2014-04-10,0.40944269108,25
2014-04-11,0.24055799676,25
2014-04-14,0.34610617767999996,25
2014-04-15,0.304536845988,25
2014-04-16,0.35747694228,25
2014-04-17,0.34432088227999996,25
2014-04-21,0.2652741992,25
2014-04-22,0.22641028016,25
2014-04-23,0.344711147752,25
2014-04-24,0.18042236920000002,25
2014-04-25,0.23011104283999997,25
2014-04-28,0.34392091244,25
2014-04-29,0.325358679,25
2014-04-30,0.19131672691999999,25
2014-05-01,0.36460983772,25
2014-05-02,0.353303422352,25
2014-05-05,0.36488437768,25
2014-05-06,0.41287294080000003,25
2014-05-07,0.23102442016000002,25
2014-05-08,0.44194899831999995,25
2014-05-09,0.28950292256,25
2014-05-12,0.36591061775999995,25
2014-05-13,0.30573458016,25
2014-05-14,0.28276909748,25
2014-05-15,0.20385163611999998,25
2014-05-16,0.27224915076,25
2014-05-19,0.29935244636,25
2014-05-20,0.21052008279999998,25
2014-05-21,0.28752353384,25
2014-05-22,0.26918171256,25
2014-05-23,0.24382543087999997,25
2014-05-27,0.20603483,25
2014-05-28,0.42701716076,25
2014-05-29,0.322552577,25
2014-05-30,0.33397126312799996,25
2014-06-02,0.36146195579999996,25
2014-06-03,0.24147252472000003,25
2014-06-04,0.2168972967816,25
2014-06-05,0.30833184768000005,25
2014-06-06,0.31531285192,25
2014-06-09,0.26833751228,25
2014-06-10,0.24477531644,25
2014-06-11,0.34231698551999995,25
2014-06-12,0.30031849928,25
2014-06-13,0.39800663995999996,25
2014-06-16,0.24107430976,25
2014-06-17,0.35426160256000006,25
2014-06-18,0.289598762984,25
2014-06-19,0.29436119095999996,25
2014-06-20,0.25007241716,25
2014-06-23,0.42834889968,25
2014-06-24,0.258328607268,25
2014-06-25,0.30598907524,25
2014-06-26,0.30390070185199997,25
2014-06-27,0.31762078396,25
2014-06-30,0.24902731584,25
2014-07-01,0.35112372519880003,25
2014-07-02,0.21305993152,25
2014-07-03,0.43827833084,25
2014-07-07,0.33874861456,25
2014-07-08,0.39142857896000005,25
2014-07-09,0.2671561018,25
2014-07-10,0.2316501638,25
2014-07-11,0.36235650648000006,25
2014-07-14,0.2613336228,25
2014-07-15,0.27025098428,25
2014-07-16,0.34424630759999997,25
2014-07-17,0.24455740384,25
2014-07-18,0.38069160728,25
2014-07-21,0.26878360887999997,25
2014-07-22,0.1670147448,25
2014-07-23,0.39719835468,25
2014-07-24,0.34629444072,25
2014-07-25,0.25187206476,25
2014-07-28,0.36271173972,25
2014-07-29,0.26319190664,25
2014-07-30,0.39380960556,25
2014-07-31,0.25916627484,25
2014-08-01,0.34233638384000004,25
2014-08-04,0.32780890492,25
2014-08-05,0.35025755404000003,25
2014-08-06,0.28371760732,25
2014-08-07,0.19479281268,25
2014-08-08,0.39707906639999996,25
2014-08-11,0.30155357775999997,25
2014-08-12,0.28555181624,25
2014-08-13,0.30587985932,25
2014-08-14,0.286066165908,25
2014-08-15,0.36659463371999995,25
2014-08-18,0.23709284176,25
2014-08-19,0.35766597812,25
2014-08-20,0.36128618584,25
2014-08-21,0.37170263748,25
2014-08-22,0.20088533888000001,25
2014-08-25,0.32382133944,25
2014-08-26,0.22059527328,25
2014-08-27,0.27871521260000004,25
2014-08-28,0.36609107620000003,25
2014-08-29,0.25209793531999997,25
2014-09-02,0.33227532816,25
2014-09-03,0.294698997688,25
2014-09-04,0.42289490276,25
2014-09-05,0.33535618864,25
2014-09-08,0.319155298744,25
2014-09-09,0.38507086712000005,25
2014-09-10,0.300121135456,25
2014-09-11,0.34063114776,25
2014-09-12,0.27927554036,25
2014-09-15,0.40117117768,25
2014-09-16,0.295854364888,25
2014-09-17,0.22291659387999999,25
2014-09-18,0.33638068204,25
2014-09-19,0.29372863468000004,25
2014-09-22,0.22588844736,25
2014-09-23,0.35742449280000005,25
2014-09-24,0.24293164466,25
2014-09-25,0.3099653858,25
2014-09-26,0.32861402544,25
2014-09-29,0.23100453640000002,25
2014-09-30,0.39904270116,25
2014-10-01,0.35861168588,25
2014-10-02,0.19315260612,25
2014-10-03,0.35174325053600003,25
2014-10-06,0.3497794318,25
2014-10-07,0.37326739956,25
2014-10-08,0.24974233944,25
2014-10-09,0.35434858972,25
2014-10-10,0.33703963612000004,25
2014-10-13,0.4376864554,25
2014-10-14,0.35448885932,25
2014-10-15,0.29833630497999997,25
2014-10-16,0.13559585248,25
2014-10-17,0.26078619455999996,25
2014-10-20,0.22261840864,25
2014-10-21,0.25749415368,25
2014-10-22,0.304988521,25
2014-10-23,0.29814504648,25
2014-10-24,0.35622687292,25
2014-10-27,0.23801816738,25
2014-10-28,0.31557202405999996,25
2014-10-29,0.41496792456000003,25
2014-10-30,0.34902593664000003,25
2014-10-31,0.2925107378,25
2014-11-03,0.31892688927999996,25
2014-11-04,0.30714145387999997,25
2014-11-05,0.18529474712,25
2014-11-06,0.41498573788000004,25
2014-11-07,0.09465274580000001,25
2014-11-10,0.26439505476,25
2014-11-11,0.30522235056,25
2014-11-12,0.31816187504000004,25
2014-11-13,0.32004780808,25
2014-11-14,0.36564871124,25
2014-11-17,0.34827628028,25
2014-11-18,0.38808567056,25
2014-11-19,0.38923938074,25
2014-11-20,0.30292977656000003,25
2014-11-21,0.33349571884,25
2014-11-24,0.28049935064,25
2014-11-25,0.32087575471999996,25
2014-11-26,0.31260002016,25
2014-11-28,0.152579394638,25
2014-12-01,0.27227563484,25
2014-12-02,0.27652279112,25
2014-12-03,0.34258885728000005,25
2014-12-04,0.3086997252,25
2014-12-05,0.37432764608,25
2014-12-08,0.17631388528000003,25
2014-12-09,0.16896031578319998,25
2014-12-10,0.44163239724000003,25
2014-12-11,0.19976379664,25
2014-12-12,0.34461389808,25
2014-12-15,0.33202033472,25
2014-12-16,0.19240243848,25
2014-12-17,0.2957030584,25
2014-12-18,0.364138315152,25
2014-12-19,0.31220190242,25
2014-12-22,0.32524311256,25
2014-12-23,0.37366751788,25
2014-12-24,0.23385997147999998,25
2014-12-26,0.19981915092000002,25
2014-12-29,0.24997227500000002,25
2014-12-30,0.283422304672,25
2014-12-31,0.2096333296,25
2015-01-02,0.27809381592,25
2015-01-05,0.270974056,25
2015-01-06,0.33210367316,25
2015-01-07,0.3190332742,25
2015-01-08,0.29372781952,25
2015-01-09,0.32245912775999996,25
2015-01-12,0.40877782344,25
2015-01-13,0.46772893396,25
2015-01-14,0.32141573716000005,25
2015-01-15,0.32074544707999997,25
2015-01-16,0.24549543795999998,25
2015-01-20,0.28702145736,25
2015-01-21,0.3606193396,25
2015-01-22,0.2222166388,25
2015-01-23,0.30646369808,25
2015-01-26,0.22296943587600002,25
2015-01-27,0.29276102436,25
2015-01-28,0.29480172692,25
2015-01-29,0.27371689052000003,25
2015-01-30,0.4011927166,25
2015-02-02,0.30431103092,25
2015-02-03,0.21673669023999997,25
2015-02-04,0.35794679892,25
2015-02-05,0.40535610747999995,25
2015-02-06,0.35717812916,25
2015-02-09,0.28837466236000003,25
2015-02-10,0.31821931372,25
2015-02-11,0.05725862703999999,25
2015-02-12,0.351502614984,25
2015-02-13,0.4235155172,25
2015-02-17,0.24448616288,25
2015-02-18,0.38047873099999996,25
2015-02-19,0.31415153404,25
2015-02-20,0.0645096064,25
2015-02-23,0.28740902479999997,25
2015-02-24,0.29273985264,25
2015-02-25,0.32590492624,25
2015-02-26,0.35441824435999997,25
2015-02-27,0.3280532392,25
2015-03-02,0.35296894844,25
2015-03-03,0.34984731232,25
2015-03-04,0.38156522804,25
2015-03-05,0.28899451592,25
2015-03-06,0.33961968452,25
2015-03-09,0.34304811471999996,25
2015-03-10,0.27225953848,25
2015-03-11,0.28229527428,25
2015-03-12,0.29336131732,25
2015-03-13,0.41833373412,25
2015-03-16,0.28898501812,25
2015-03-17,0.19170044628,25
2015-03-18,0.24338054620000002,25
2015-03-19,0.131837255,25
2015-03-20,0.2460467946,25
2015-03-23,0.31825119892,25
2015-03-24,0.31954542184,25
2015-03-25,0.40536370184,25
2015-03-26,0.306165446292,25
2015-03-27,0.22501528916000002,25
2015-03-30,0.15134064832,25
2015-03-31,0.4498200068,25
2015-04-01,0.34503826936000004,25
2015-04-02,0.32553757988,25
2015-04-06,0.29507633240000003,25
2015-04-07,0.3294152158,25
2015-04-08,0.305287283348,25
2015-04-09,0.20580336459999998,25
2015-04-10,0.439836156776,25
2015-04-13,0.38746764172,25
2015-04-14,0.09487156499999999,25
2015-04-15,0.28009866208,25
2015-04-16,0.23683723596,25
2015-04-17,0.42914174035999997,25
2015-04-20,0.40670959007999996,25
2015-04-21,0.15684718547999998,25
2015-04-22,0.38121135840000003,25
2015-04-23,0.28402050500000003,25
2015-04-24,0.28838404955999997,25
2015-04-27,0.35917223255999997,25
2015-04-28,0.27242918716,25
2015-04-29,0.22299205816,25
2015-04-30,0.30347702244,25
2015-05-01,0.30279973532,25
2015-05-04,0.22364132364,25
2015-05-05,0.23329966931999999,25
2015-05-06,0.30997041804,25
2015-05-07,0.25625473660000003,25
2015-05-08,0.31372875676,25
2015-05-11,0.22401773928000002,25
2015-05-12,0.39907174959999997,25
2015-05-13,0.37173045848,25
2015-05-14,0.255252362976,25
2015-05-15,0.30716736616,25
2015-05-18,0.33040002668,25
2015-05-19,0.33653277776,25
2015-05-20,0.21884922167999998,25
2015-05-21,0.30392313744,25
2015-05-22,0.39592974388,25
2015-05-26,0.256644661544,25
2015-05-27,0.210585767,25
2015-05-28,0.30520761904,25
2015-05-29,0.4050796038,25
2015-06-01,0.33523867592,25
2015-06-02,0.12099431008,25
2015-06-03,0.39363428324,25
2015-06-04,0.1451677308,25
2015-06-05,0.25798086252,25
2015-06-08,0.35641314856,25
2015-06-09,0.5189392898,25
2015-06-10,0.21307657247999998,25
2015-06-11,0.38486331212,25
2015-06-12,0.29868322988,25
2015-06-15,0.29121923371999997,25
2015-06-16,0.29986015576,25
2015-06-17,0.36861539196000004,25
2015-06-18,0.14096379608,25
2015-06-19,0.26400719864,25
2015-06-22,0.37534504896000004,25
2015-06-23,0.26899863952,25
2015-06-24,0.24298614785199998,25
2015-06-25,0.39628296007999997,25
2015-06-26,0.34400020527999997,25
2015-06-29,0.268117373856,25
2015-06-30,0.25128484568,25
2015-07-01,0.23536616995999998,25
2015-07-02,0.37201881356,25
2015-07-06,0.33286817092,25
2015-07-07,0.27769823144,25
2015-07-08,0.38535908339999997,25
2015-07-09,0.26225629196,25
2015-07-10,0.40821321248,25
2015-07-13,0.3192922148,25
2015-07-14,0.16851870600000002,25
2015-07-15,0.33051183007999996,25
2015-07-16,0.15543193523999999,25
2015-07-17,0.3194060092,25
2015-07-20,0.25456357044,25
2015-07-21,0.2731231858,25
2015-07-22,0.3606419688,25
2015-07-23,0.28979366096,25
2015-07-24,0.33291558344,25
2015-07-27,0.36513602748,25
2015-07-28,0.34585464564,25
2015-07-29,0.29316571836,25
2015-07-30,0.35795647244,25
2015-07-31,0.19577791092000002,25
2015-08-03,0.30068819448,25
2015-08-04,0.31122751736000004,25
2015-08-05,0.2175627854,25
2015-08-06,0.33205926835999994,25
2015-08-07,0.24826826244,25
2015-08-10,0.37887994452,25
2015-08-11,0.29454518232000004,25
2015-08-12,0.264152115264,25
2015-08-13,0.31184212248000004,25
2015-08-14,0.37934970808,25
2015-08-17,0.27639584056,25
2015-08-18,0.27595200344,25
2015-08-19,0.2727229316,25
2015-08-20,0.317706825232,25
2015-08-21,0.32465638032,25
2015-08-24,0.12565437708,25
2015-08-25,0.31886051624,25
2015-08-26,0.33608764606,25
2015-08-27,0.24079498576,25
2015-08-28,0.22649830484,25
2015-08-31,0.36040330316,25
2015-09-01,0.29151871539999996,25
2015-09-02,0.2596222896,25
2015-09-03,0.250878275576,25
2015-09-04,0.33547417602,25
2015-09-08,0.29078291432000003,25
2015-09-09,0.343755120856,25
2015-09-10,0.31212125401999996,25
2015-09-11,0.20765740868000002,25
2015-09-14,0.24581273056,25
2015-09-15,0.20302600540000001,25
2015-09-16,0.1538460552,25
2015-09-17,0.22112001892,25
2015-09-18,0.36501326079999996,25
2015-09-21,0.18226586056,25
2015-09-22,0.21515828076,25
2015-09-23,0.253195619908,25
2015-09-24,0.35476523968,25
2015-09-25,0.2790041586,25
2015-09-28,0.36951508363999996,25
2015-09-29,0.20743622760000002,25
2015-09-30,0.30293561063999996,25
2015-10-01,0.33554828412,25
2015-10-02,0.3803530260992,25
2015-10-05,0.32217665384,25
2015-10-06,0.2825483542,25
2015-10-07,0.29423577964,25
2015-10-08,0.20464685928,25
2015-10-09,0.21879774116,25
2015-10-12,0.23779967244000003,25
2015-10-13,0.250429587476,25
2015-10-14,0.31069283334799996,25
2015-10-15,0.260181586,25
2015-10-16,0.35290539152,25
2015-10-19,0.17491781205600002,25
2015-10-20,0.36823330528,25
2015-10-21,0.35310586571999997,25
2015-10-22,0.37080721396,25
2015-10-23,0.21490637631999998,25
2015-10-26,0.22321986604,25
2015-10-27,0.33309729236,25
2015-10-28,0.17895132164,25
2015-10-29,0.30717691408000003,25
2015-10-30,0.35886542124000004,25
2015-11-02,0.16910156065999998,25
2015-11-03,0.18933302848,25
2015-11-04,0.30697663672000003,25
2015-11-05,0.42177709452,25
2015-11-06,0.385794940472,25
2015-11-09,0.35805681562799996,25
2015-11-10,0.20193923932000002,25
2015-11-11,0.32913472112000003,25
2015-11-12,0.30823902916,25
2015-11-13,0.37581711675999996,25
2015-11-16,0.37535870983999997,25
2015-11-17,0.26379332584,25
2015-11-18,0.24117725828,25
2015-11-19,0.30219218016,25
2015-11-20,0.22709142172,25
2015-11-23,0.30287173887999996,25
2015-11-24,0.37213708092,25
2015-11-25,0.46180956799999995,25
2015-11-27,0.22967416172,25
2015-11-30,0.26439592968,25
2015-12-01,0.41952957240000005,25
2015-12-02,0.38757987036,25
2015-12-03,0.31949354644,25
2015-12-04,0.0030517431999999988,25
2015-12-07,0.2898331606,25
2015-12-08,0.25833011808,25
2015-12-09,0.38000123471999997,25
2015-12-10,0.18961483176000002,25
2015-12-11,0.51030431328,25
2015-12-14,0.25830689296,25
2015-12-15,0.14819048904,25
2015-12-16,0.26108730776,25
2015-12-17,0.38574436448,25
2015-12-18,0.32310034877999994,25
2015-12-21,0.23430982820000001,25
2015-12-22,0.32615802287839996,25
2015-12-23,0.40175233796,25
2015-12-24,0.36442092484,25
2015-12-28,0.23254203012000002,25
2015-12-29,0.32194983911999997,25
2015-12-30,0.15151368096,25
2015-12-31,0.36780856096000003,25
2016-01-04,0.23387653384,25
2016-01-05,0.21142200736,25
2016-01-06,0.23701388152,25
2016-01-07,0.23807391476,25
2016-01-08,0.299245806884,25
2016-01-11,0.3694989502,25
2016-01-12,0.38518615672,25
2016-01-13,0.29640736704799997,25
2016-01-14,0.15935558655999998,25
2016-01-15,0.3172092166,25
2016-01-19,0.42128828852,25
2016-01-20,0.35437109516,25
2016-01-21,0.212982715,25
2016-01-22,0.23636260692,25
2016-01-25,0.26110340324,25
2016-01-26,0.31036637168,25
2016-01-27,0.28085200924,25
2016-01-28,0.33642557304,25
2016-01-29,0.27702989284,25
2016-02-01,0.22156794992,25
2016-02-02,0.30658341048,25
2016-02-03,0.24373856919999998,25
2016-02-04,0.19023121803999998,25
2016-02-05,0.32423008624,25
2016-02-08,0.2635546564,25
2016-02-09,0.30835678716,25
2016-02-10,0.2832199278,25
2016-02-11,0.2389548208,25
2016-02-12,0.23339438372,25
2016-02-16,0.18953977046079998,25
2016-02-17,0.2364675956,25
2016-02-18,0.30697939588,25
2016-02-19,0.30367022248,25
2016-02-22,0.28502971639999997,25
2016-02-23,0.21894178096,25
2016-02-24,0.268345851172,25
2016-02-25,0.17992622828,25
2016-02-26,0.32687871192,25
2016-02-29,0.22769993251999998,25
2016-03-01,0.38954859776,25
2016-03-02,0.26074900388,25
2016-03-03,0.21263008368000003,25
2016-03-04,0.20127121984,25
2016-03-07,0.086359865604,25
2016-03-08,0.32766831277999997,25
2016-03-09,0.11895601312,25
2016-03-10,0.20852758072,25
2016-03-11,0.27463550988,25
2016-03-14,0.26184140552,25
2016-03-15,0.41666611012,25
2016-03-16,0.37055436036000006,25
2016-03-17,0.35634511535999996,25
2016-03-18,0.27327740944,25
2016-03-21,0.3331075294,25
2016-03-22,0.15568378927999998,25
2016-03-23,0.37714781168,25
2016-03-24,0.35241778656,25
2016-03-28,0.3360156774,25
2016-03-29,0.217793915468,25
2016-03-30,0.30933296152,25
2016-03-31,0.3524288372,25
2016-04-01,0.36585382264000005,25
2016-04-04,0.37007398131999997,25
2016-04-05,0.35757593932,25
2016-04-06,0.37442283703999996,25
2016-04-07,0.42197545208000004,25
2016-04-08,0.273715748308,25
2016-04-11,0.39416665424,25
2016-04-12,0.3913623152,25
2016-04-13,0.18190020487999997,25
2016-04-14,0.32030542428,25
2016-04-15,0.27085694888,25
2016-04-18,0.21253082599999998,25
2016-04-19,0.18523397484,25
2016-04-20,0.42874798028,25
2016-04-21,0.42126993808,25
2016-04-22,0.31820207588,25
2016-04-25,0.10996816711999999,25
2016-04-26,0.19013783528,25
2016-04-27,0.29084138552,25
2016-04-28,0.35018511132,25
2016-04-29,0.34307686664000003,25
2016-05-02,0.20940970896,25
2016-05-03,0.23518056152,25
2016-05-04,0.182466874148,25
2016-05-05,0.31753047876,25
2016-05-06,0.21580461308,25
2016-05-09,0.49136742091999996,25
2016-05-10,0.35295551136000003,25
2016-05-11,0.35295431875999994,25
2016-05-12,0.2717941514,25
2016-05-13,0.20860598508,25
2016-05-16,0.2781886918,25
2016-05-17,0.4134450382,25
2016-05-18,0.21054268336,25
2016-05-19,0.24782503128000002,25
2016-05-20,0.30524354668000003,25
2016-05-23,0.236782491012,25
2016-05-24,0.10174572608,25
2016-05-25,0.36037779319999996,25
2016-05-26,0.44469185376,25
2016-05-27,0.32695436276,25
2016-05-31,0.259674193732,25
2016-06-01,0.14678709108,25
2016-06-02,0.33519327404000004,25
2016-06-03,0.30747971108,25
2016-06-06,0.38969738991999997,25
2016-06-07,0.42713878744,25
2016-06-08,0.23734123552,25
2016-06-09,0.33344564072,25
2016-06-10,0.18048832076,25
2016-06-13,0.3441444954,25
2016-06-14,0.29129296192,25
2016-06-15,0.23003614452,25
2016-06-16,0.32748280828,25
2016-06-17,0.22826671839999998,25
2016-06-20,0.27040046052,25
2016-06-21,0.21173572356,25
2016-06-22,0.20372717016,25
2016-06-23,0.38872355560000005,25
2016-06-24,0.383947467772,25
2016-06-27,0.300678304016,25
2016-06-28,0.22887808988,25
2016-06-29,0.23647052252,25
2016-06-30,0.3570373728,25
2016-07-01,0.1414327308,25
